{
  "agent": "Consumer Advocate",
  "total_records": 5617,
  "approval_rate": 0.9793484066227524,
  "avg_interest_rate": 8.39361752408653
}