comparison,metric,diff,z_stat,p_value,significant
baseline vs sequential,Approval Rate,0.017247484260687562,6.8576141637505765,7.001954571705937e-12,True
baseline vs parallel,Approval Rate,0.012187205192091821,3.776128138803702,0.0001592850698128867,True
sequential vs parallel,Approval Rate,-0.005060279068595741,-2.2358506503722473,0.02536155583603228,True
baseline vs sequential,Interest Rate,1.7918139056243128,63.57969645769279,0.0,True
baseline vs parallel,Interest Rate,0.14561838553895257,6.357239444883388,2.0743729217357185e-10,True
sequential vs parallel,Interest Rate,-1.6461955200853602,-64.71556395624658,0.0,True
