comparison,metric,diff,z_stat,p_value,significant
baseline vs sequential,Approval Rate,-0.021004224509186376,-12.951083516856391,0.0,True
baseline vs parallel,Approval Rate,0.012143802414314009,4.451080111856853,8.543945817507392e-06,True
sequential vs parallel,Approval Rate,0.033148026923500384,16.328084118892797,0.0,True
baseline vs sequential,Interest Rate,1.8627755497570115,113.37296820228215,0.0,True
baseline vs parallel,Interest Rate,0.14537983943468546,7.4608529658190985,8.706223282795243e-14,True
sequential vs parallel,Interest Rate,-1.717395710322326,-82.52279477550377,0.0,True
