{
  "agent": "Data Science",
  "total_records": 5030,
  "approval_rate": 0.9872763419483102,
  "avg_interest_rate": 8.479379782521145
}