{
  "agent": "Data Science",
  "total_records": 5603,
  "approval_rate": 0.9157594145993218,
  "avg_interest_rate": 7.929048918339501
}