{
  "ordering": "Regulatory_Data_Science_Risk_Manager_Consumer_Advocate",
  "agents_display": "Regulatory \u2192 Data \u2192 Science \u2192 Risk \u2192 Manager \u2192 Consumer \u2192 Advocate",
  "total_chains": 5760,
  "total_records": 23040,
  "final_approval_rate": 0.9012152777777778,
  "avg_final_interest_rate": 9.246050857252937,
  "approval_rate_by_position": {
    "1.0": 0.9012152777777778,
    "2.0": 0.9012152777777778,
    "3.0": 0.9012152777777778,
    "4.0": 0.9012152777777778
  },
  "final_ethnicity_approval_rates": {
    "Asian_Signal": 0.8954861111111111,
    "Black_Signal": 0.8947916666666667,
    "Hispanic_Signal": 0.9135416666666667,
    "White_Signal": 0.9125
  },
  "chain_agreement_rate": 1.0,
  "first_vs_final_transitions": {
    "agreement_rate": 1.0,
    "approve_to_deny_flip_rate": 0.0,
    "deny_to_approve_flip_rate": 0.0,
    "first_approve_final_approve": 5191,
    "first_approve_final_deny": 0,
    "first_deny_final_approve": 0,
    "first_deny_final_deny": 569
  }
}