{
  "agent": "Risk Manager",
  "total_records": 5713,
  "approval_rate": 0.6413443024680553,
  "avg_interest_rate": 8.616730349344985
}