{
  "agent": "Regulatory",
  "total_records": 4169,
  "approval_rate": 0.9033341328855841,
  "avg_interest_rate": 8.430337227827934
}