{
  "agent": "Consumer Advocate",
  "total_records": 5715,
  "approval_rate": 0.6440944881889764,
  "avg_interest_rate": 9.059983700081501
}