{
  "ordering": "Risk_Manager_Data_Science_Consumer_Advocate_Regulatory",
  "agents_display": "Risk \u2192 Manager \u2192 Data \u2192 Science \u2192 Consumer \u2192 Advocate \u2192 Regulatory",
  "total_chains": 5760,
  "total_records": 23040,
  "final_approval_rate": 0.7336805555555556,
  "avg_final_interest_rate": 9.349952673923331,
  "approval_rate_by_position": {
    "1.0": 0.7338541666666667,
    "2.0": 0.7338541666666667,
    "3.0": 0.7336805555555556,
    "4.0": 0.7336805555555556
  },
  "final_ethnicity_approval_rates": {
    "Asian_Signal": 0.721875,
    "Black_Signal": 0.7458333333333333,
    "Hispanic_Signal": 0.7416666666666667,
    "White_Signal": 0.7489583333333333
  },
  "chain_agreement_rate": 0.9998263888888889,
  "first_vs_final_transitions": {
    "agreement_rate": 0.9998263888888889,
    "approve_to_deny_flip_rate": 0.00017361111111111112,
    "deny_to_approve_flip_rate": 0.0,
    "first_approve_final_approve": 4226,
    "first_approve_final_deny": 1,
    "first_deny_final_approve": 0,
    "first_deny_final_deny": 1533
  }
}