{
  "agent": "Data Science",
  "total_records": 5694,
  "approval_rate": 0.6166139796276783,
  "avg_interest_rate": 7.835431500996871
}