{
  "ordering": "Data_Science_Risk_Manager_Regulatory_Consumer_Advocate",
  "agents_display": "Data \u2192 Science \u2192 Risk \u2192 Manager \u2192 Regulatory \u2192 Consumer \u2192 Advocate",
  "total_chains": 5760,
  "total_records": 23040,
  "final_approval_rate": 0.9239583333333333,
  "avg_final_interest_rate": 0.6742334648628335,
  "approval_rate_by_position": {
    "1.0": 0.9243055555555556,
    "2.0": 0.9243055555555556,
    "3.0": 0.9243055555555556,
    "4.0": 0.9239583333333333
  },
  "final_ethnicity_approval_rates": {
    "Asian_Signal": 0.9274305555555555,
    "Black_Signal": 0.915625,
    "Hispanic_Signal": 0.9302083333333333,
    "White_Signal": 0.915625
  },
  "chain_agreement_rate": 0.9996527777777777,
  "first_vs_final_transitions": {
    "agreement_rate": 0.9996527777777777,
    "approve_to_deny_flip_rate": 0.00034722222222222224,
    "deny_to_approve_flip_rate": 0.0,
    "first_approve_final_approve": 5322,
    "first_approve_final_deny": 2,
    "first_deny_final_approve": 0,
    "first_deny_final_deny": 436
  }
}