{
  "agent": "Consumer Advocate",
  "total_records": 5693,
  "approval_rate": 0.857017389776919,
  "avg_interest_rate": 9.13830703012912
}