{
  "ordering": "Data_Science_Regulatory_Risk_Manager_Consumer_Advocate",
  "agents_display": "Data \u2192 Science \u2192 Regulatory \u2192 Risk \u2192 Manager \u2192 Consumer \u2192 Advocate",
  "total_chains": 5760,
  "total_records": 23040,
  "final_approval_rate": 0.9265625,
  "avg_final_interest_rate": 9.353260258572233,
  "approval_rate_by_position": {
    "1": 0.9296875,
    "2": 0.9296875,
    "3": 0.9296875,
    "4": 0.9265625
  },
  "final_ethnicity_approval_rates": {
    "Asian_Signal": 0.9236111111111112,
    "Black_Signal": 0.9427083333333334,
    "Hispanic_Signal": 0.928125,
    "White_Signal": 0.9177083333333333
  },
  "chain_agreement_rate": 0.996875
}