{
  "agent": "Risk Manager",
  "total_records": 5682,
  "approval_rate": 0.6784582893347413,
  "avg_interest_rate": 8.410051880674448
}