{
  "agent": "Data Science",
  "total_records": 5760,
  "approval_rate": 0.9371527777777777,
  "avg_interest_rate": 10.113810670618747,
  "ethnicity_approval_rates": {
    "Asian_Signal": 0.9354166666666667,
    "Black_Signal": 0.9583333333333334,
    "Hispanic_Signal": 0.9354166666666667,
    "Unknown": 0.9357142857142857,
    "White_Signal": 0.93125
  },
  "approval_type_distribution": {
    "SUBOPTIMAL_TERMS": 0.5595486111111111,
    "STANDARD_TERMS": 0.3776041666666667,
    "DENIAL": 0.06284722222222222
  }
}