{
  "agent": "Consumer Advocate",
  "total_records": 5008,
  "approval_rate": 0.9548722044728435,
  "avg_interest_rate": 8.424320368046843
}