{
  "agent": "Regulatory",
  "total_records": 4657,
  "approval_rate": 0.8866222890272708,
  "avg_interest_rate": 8.477013804795352
}