agent,age,approval_rate
risk_manager,23,59.93031358885017
risk_manager,35,62.80487804878049
risk_manager,45,62.45644599303136
risk_manager,62,58.7260034904014
