Agent,total,approvals,denials,approval_rate
risk_manager,5760.0,3855.0,1821.0,66.92708333333334
regulatory,5760.0,4129.0,281.0,71.68402777777779
data_science,5760.0,4964.0,41.0,86.18055555555556
consumer_advocate,1752.0,1437.0,14.0,82.02054794520548
