agent,ethnicity,approval_rate,avg_interest_rate
risk_manager,American,60.729166666666664,8.47221269296741
risk_manager,African,61.354166666666664,8.62597623089983
risk_manager,Hispanic,63.22916666666667,8.553706754530479
risk_manager,Asian,62.916666666666664,8.572847682119205
risk_manager,Middle Eastern,55.46666666666666,9.172836538461539
