{
  "agent": "Regulatory",
  "total_records": 5087,
  "approval_rate": 0.7758993512875958,
  "avg_interest_rate": 8.542082594375476
}