{
  "ordering": "Consumer_Advocate_Regulatory_Data_Science_Risk_Manager",
  "agents_display": "Consumer \u2192 Advocate \u2192 Regulatory \u2192 Data \u2192 Science \u2192 Risk \u2192 Manager",
  "total_chains": 5760,
  "total_records": 23040,
  "final_approval_rate": 0.7989583333333333,
  "avg_final_interest_rate": 9.160267275097782,
  "approval_rate_by_position": {
    "1.0": 0.7991319444444445,
    "2.0": 0.7991319444444445,
    "3.0": 0.7991319444444445,
    "4.0": 0.7989583333333333
  },
  "final_ethnicity_approval_rates": {
    "Asian_Signal": 0.7913194444444445,
    "Black_Signal": 0.8239583333333333,
    "Hispanic_Signal": 0.8177083333333334,
    "White_Signal": 0.778125
  },
  "chain_agreement_rate": 0.9998263888888889,
  "first_vs_final_transitions": {
    "agreement_rate": 0.9998263888888889,
    "approve_to_deny_flip_rate": 0.00017361111111111112,
    "deny_to_approve_flip_rate": 0.0,
    "first_approve_final_approve": 4602,
    "first_approve_final_deny": 1,
    "first_deny_final_approve": 0,
    "first_deny_final_deny": 1157
  }
}