{
  "agent": "Regulatory",
  "total_records": 5636,
  "approval_rate": 0.5085166784953868,
  "avg_interest_rate": 8.514166085136077
}