{
  "agent": "Risk Manager",
  "total_records": 5304,
  "approval_rate": 0.7671568627450981,
  "avg_interest_rate": 8.550626689604329
}