{
  "ordering": "Risk_Manager_Consumer_Advocate_Regulatory_Data_Science",
  "agents_display": "Risk \u2192 Manager \u2192 Consumer \u2192 Advocate \u2192 Regulatory \u2192 Data \u2192 Science",
  "total_chains": 5760,
  "total_records": 23040,
  "final_approval_rate": 0.7291666666666666,
  "avg_final_interest_rate": 9.07688095238095,
  "approval_rate_by_position": {
    "1.0": 0.7291666666666666,
    "2.0": 0.7291666666666666,
    "3.0": 0.7291666666666666,
    "4.0": 0.7291666666666666
  },
  "final_ethnicity_approval_rates": {
    "Asian_Signal": 0.7211805555555556,
    "Black_Signal": 0.7375,
    "Hispanic_Signal": 0.7291666666666666,
    "White_Signal": 0.7447916666666666
  },
  "chain_agreement_rate": 1.0,
  "first_vs_final_transitions": {
    "agreement_rate": 1.0,
    "approve_to_deny_flip_rate": 0.0,
    "deny_to_approve_flip_rate": 0.0,
    "first_approve_final_approve": 4200,
    "first_approve_final_deny": 0,
    "first_deny_final_approve": 0,
    "first_deny_final_deny": 1560
  }
}