{
  "ordering": "Risk_Manager_Data_Science_Regulatory_Consumer_Advocate",
  "agents_display": "Risk \u2192 Manager \u2192 Data \u2192 Science \u2192 Regulatory \u2192 Consumer \u2192 Advocate",
  "total_chains": 5760,
  "total_records": 23040,
  "final_approval_rate": 0.7357638888888889,
  "avg_final_interest_rate": 9.250342142520056,
  "approval_rate_by_position": {
    "1.0": 0.7357638888888889,
    "2.0": 0.7357638888888889,
    "3.0": 0.7357638888888889,
    "4.0": 0.7357638888888889
  },
  "final_ethnicity_approval_rates": {
    "Asian_Signal": 0.7270833333333333,
    "Black_Signal": 0.7510416666666667,
    "Hispanic_Signal": 0.7385416666666667,
    "White_Signal": 0.74375
  },
  "chain_agreement_rate": 1.0,
  "first_vs_final_transitions": {
    "agreement_rate": 1.0,
    "approve_to_deny_flip_rate": 0.0,
    "deny_to_approve_flip_rate": 0.0,
    "first_approve_final_approve": 4238,
    "first_approve_final_deny": 0,
    "first_deny_final_approve": 0,
    "first_deny_final_deny": 1522
  }
}