{
  "ordering": "Risk_Manager_Consumer_Advocate_Data_Science_Regulatory",
  "agents_display": "Risk \u2192 Manager \u2192 Consumer \u2192 Advocate \u2192 Data \u2192 Science \u2192 Regulatory",
  "total_chains": 5760,
  "total_records": 23040,
  "final_approval_rate": 0.7342013888888889,
  "avg_final_interest_rate": 9.300011823126034,
  "approval_rate_by_position": {
    "1.0": 0.7342013888888889,
    "2.0": 0.7342013888888889,
    "3.0": 0.7342013888888889,
    "4.0": 0.7342013888888889
  },
  "final_ethnicity_approval_rates": {
    "Asian_Signal": 0.7253472222222223,
    "Black_Signal": 0.7427083333333333,
    "Hispanic_Signal": 0.7427083333333333,
    "White_Signal": 0.74375
  },
  "chain_agreement_rate": 1.0,
  "first_vs_final_transitions": {
    "agreement_rate": 1.0,
    "approve_to_deny_flip_rate": 0.0,
    "deny_to_approve_flip_rate": 0.0,
    "first_approve_final_approve": 4229,
    "first_approve_final_deny": 0,
    "first_deny_final_approve": 0,
    "first_deny_final_deny": 1531
  }
}