{
  "agent": "Data Science",
  "total_records": 5686,
  "approval_rate": 0.9987689060851214,
  "avg_interest_rate": 8.471912308505019
}