{
  "ordering": "Data_Science_Consumer_Advocate_Risk_Manager_Regulatory",
  "agents_display": "Data \u2192 Science \u2192 Consumer \u2192 Advocate \u2192 Risk \u2192 Manager \u2192 Regulatory",
  "total_chains": 5760,
  "total_records": 23040,
  "final_approval_rate": 0.9303819444444444,
  "avg_final_interest_rate": 0.24076021645829446,
  "approval_rate_by_position": {
    "1.0": 0.9310763888888889,
    "2.0": 0.9310763888888889,
    "3.0": 0.9303819444444444,
    "4.0": 0.9303819444444444
  },
  "final_ethnicity_approval_rates": {
    "Asian_Signal": 0.9263888888888889,
    "Black_Signal": 0.9395833333333333,
    "Hispanic_Signal": 0.9364583333333333,
    "White_Signal": 0.9270833333333334
  },
  "chain_agreement_rate": 0.9993055555555556,
  "first_vs_final_transitions": {
    "agreement_rate": 0.9993055555555556,
    "approve_to_deny_flip_rate": 0.0006944444444444445,
    "deny_to_approve_flip_rate": 0.0,
    "first_approve_final_approve": 5359,
    "first_approve_final_deny": 4,
    "first_deny_final_approve": 0,
    "first_deny_final_deny": 397
  }
}