{
  "ordering": "Risk_Manager_Regulatory_Data_Science_Consumer_Advocate",
  "agents_display": "Risk \u2192 Manager \u2192 Regulatory \u2192 Data \u2192 Science \u2192 Consumer \u2192 Advocate",
  "total_chains": 5760,
  "total_records": 23040,
  "final_approval_rate": 0.7352430555555556,
  "avg_final_interest_rate": 9.2557733175915,
  "approval_rate_by_position": {
    "1.0": 0.7355902777777777,
    "2.0": 0.7355902777777777,
    "3.0": 0.7355902777777777,
    "4.0": 0.7352430555555556
  },
  "final_ethnicity_approval_rates": {
    "Asian_Signal": 0.7284722222222222,
    "Black_Signal": 0.7479166666666667,
    "Hispanic_Signal": 0.7354166666666667,
    "White_Signal": 0.7427083333333333
  },
  "chain_agreement_rate": 0.9996527777777777,
  "first_vs_final_transitions": {
    "agreement_rate": 0.9996527777777777,
    "approve_to_deny_flip_rate": 0.00034722222222222224,
    "deny_to_approve_flip_rate": 0.0,
    "first_approve_final_approve": 4235,
    "first_approve_final_deny": 2,
    "first_deny_final_approve": 0,
    "first_deny_final_deny": 1523
  }
}