{
  "agent": "Risk Manager",
  "total_records": 5754,
  "approval_rate": 0.9327424400417101,
  "avg_interest_rate": 8.439025526364823
}